ID,SiblingsSpousesAboard?,Parents/ChildrenAboard?,firstClass?,secondClass?,thirdClass?,male?,female?,CherbourgEmbark?,QueenstownEmbark?,SouthamtonEmbark?,Fare<10?,10<Fare<20,20<Fare<30,30<Fare<40,40<Fare<50,50<Fare<60,60<Fare<70,70<Fare<80,80<Fare<90,90<Fare<100,Fare>100,Survived
1,1,0,0,0,1,1,0,0,0,1,1,0,0,0,0,0,0,0,0,0,0,0
2,1,0,1,0,0,0,1,1,0,0,0,0,0,0,0,0,0,1,0,0,0,1
3,0,0,0,0,1,0,1,0,0,1,1,0,0,0,0,0,0,0,0,0,0,1
4,1,0,1,0,0,0,1,0,0,1,0,0,0,0,0,1,0,0,0,0,0,1
5,0,0,0,0,1,1,0,0,0,1,1,0,0,0,0,0,0,0,0,0,0,0
6,0,0,0,0,1,1,0,0,1,0,1,0,0,0,0,0,0,0,0,0,0,0
7,0,0,1,0,0,1,0,0,0,1,0,0,0,0,0,1,0,0,0,0,0,0
8,1,1,0,0,1,1,0,0,0,1,0,0,1,0,0,0,0,0,0,0,0,0
9,0,1,0,0,1,0,1,0,0,1,0,1,0,0,0,0,0,0,0,0,0,1
10,1,0,0,1,0,0,1,1,0,0,0,0,0,1,0,0,0,0,0,0,0,1
11,1,1,0,0,1,0,1,0,0,1,0,1,0,0,0,0,0,0,0,0,0,1
12,0,0,1,0,0,0,1,0,0,1,0,0,1,0,0,0,0,0,0,0,0,1
13,0,0,0,0,1,1,0,0,0,1,1,0,0,0,0,0,0,0,0,0,0,0
14,1,1,0,0,1,1,0,0,0,1,0,0,0,1,0,0,0,0,0,0,0,0
15,0,0,0,0,1,0,1,0,0,1,1,0,0,0,0,0,0,0,0,0,0,0
16,0,0,0,1,0,0,1,0,0,1,0,1,0,0,0,0,0,0,0,0,0,1
17,1,1,0,0,1,1,0,0,1,0,0,0,1,0,0,0,0,0,0,0,0,0
18,0,0,0,1,0,1,0,0,0,1,0,1,0,0,0,0,0,0,0,0,0,1
19,1,0,0,0,1,0,1,0,0,1,0,1,0,0,0,0,0,0,0,0,0,0
20,0,0,0,0,1,0,1,1,0,0,1,0,0,0,0,0,0,0,0,0,0,1
21,0,0,0,1,0,1,0,0,0,1,0,0,1,0,0,0,0,0,0,0,0,0
22,0,0,0,1,0,1,0,0,0,1,0,1,0,0,0,0,0,0,0,0,0,1
23,0,0,0,0,1,0,1,0,1,0,1,0,0,0,0,0,0,0,0,0,0,1
24,0,0,1,0,0,1,0,0,0,1,0,0,0,1,0,0,0,0,0,0,0,1
25,1,1,0,0,1,0,1,0,0,1,0,0,1,0,0,0,0,0,0,0,0,0
26,1,1,0,0,1,0,1,0,0,1,0,0,0,1,0,0,0,0,0,0,0,1
27,0,0,0,0,1,1,0,1,0,0,1,0,0,0,0,0,0,0,0,0,0,0
28,1,1,1,0,0,1,0,0,0,1,0,0,0,0,0,0,0,0,0,0,1,0
29,0,0,0,0,1,0,1,0,1,0,1,0,0,0,0,0,0,0,0,0,0,1
30,0,0,0,0,1,1,0,0,0,1,1,0,0,0,0,0,0,0,0,0,0,0
31,0,0,1,0,0,1,0,1,0,0,0,0,1,0,0,0,0,0,0,0,0,0
32,1,0,1,0,0,0,1,1,0,0,0,0,0,0,0,0,0,0,0,0,1,1
33,0,0,0,0,1,0,1,0,1,0,1,0,0,0,0,0,0,0,0,0,0,1
34,0,0,0,1,0,1,0,0,0,1,0,1,0,0,0,0,0,0,0,0,0,0
35,1,0,1,0,0,1,0,1,0,0,0,0,0,0,0,0,0,0,1,0,0,0
36,1,0,1,0,0,1,0,0,0,1,0,0,0,0,0,1,0,0,0,0,0,0
37,0,0,0,0,1,1,0,1,0,0,1,0,0,0,0,0,0,0,0,0,0,1
38,0,0,0,0,1,1,0,0,0,1,1,0,0,0,0,0,0,0,0,0,0,0
39,1,0,0,0,1,0,1,0,0,1,0,1,0,0,0,0,0,0,0,0,0,0
40,1,0,0,0,1,0,1,1,0,0,0,1,0,0,0,0,0,0,0,0,0,1
41,1,0,0,0,1,0,1,0,0,1,1,0,0,0,0,0,0,0,0,0,0,0
42,1,0,0,1,0,0,1,0,0,1,0,0,1,0,0,0,0,0,0,0,0,0
43,0,0,0,0,1,1,0,1,0,0,1,0,0,0,0,0,0,0,0,0,0,0
44,1,1,0,1,0,0,1,1,0,0,0,0,0,0,1,0,0,0,0,0,0,1
45,0,0,0,0,1,0,1,0,1,0,1,0,0,0,0,0,0,0,0,0,0,1
46,0,0,0,0,1,1,0,0,0,1,1,0,0,0,0,0,0,0,0,0,0,0
47,1,0,0,0,1,1,0,0,1,0,0,1,0,0,0,0,0,0,0,0,0,0
48,0,0,0,0,1,0,1,0,1,0,1,0,0,0,0,0,0,0,0,0,0,1
49,1,0,0,0,1,1,0,1,0,0,0,0,1,0,0,0,0,0,0,0,0,0
50,1,0,0,0,1,0,1,0,0,1,0,1,0,0,0,0,0,0,0,0,0,0
51,1,1,0,0,1,1,0,0,0,1,0,0,0,1,0,0,0,0,0,0,0,0
52,0,0,0,0,1,1,0,0,0,1,1,0,0,0,0,0,0,0,0,0,0,0
53,1,0,1,0,0,0,1,1,0,0,0,0,0,0,0,0,0,1,0,0,0,1
54,1,0,0,1,0,0,1,0,0,1,0,0,1,0,0,0,0,0,0,0,0,1
55,0,1,1,0,0,1,0,1,0,0,0,0,0,0,0,0,1,0,0,0,0,0
56,0,0,1,0,0,1,0,0,0,1,0,0,0,1,0,0,0,0,0,0,0,1
57,0,0,0,1,0,0,1,0,0,1,0,1,0,0,0,0,0,0,0,0,0,1
58,0,0,0,0,1,1,0,1,0,0,1,0,0,0,0,0,0,0,0,0,0,0
59,1,1,0,1,0,0,1,0,0,1,0,0,1,0,0,0,0,0,0,0,0,1
60,1,1,0,0,1,1,0,0,0,1,0,0,0,0,1,0,0,0,0,0,0,0
61,0,0,0,0,1,1,0,1,0,0,1,0,0,0,0,0,0,0,0,0,0,0
62,0,0,1,0,0,0,1,0,0,0,0,0,0,0,0,0,0,0,0,0,0,1
63,1,0,1,0,0,1,0,0,0,1,0,0,0,0,0,0,0,0,1,0,0,0
64,1,1,0,0,1,1,0,0,0,1,0,0,1,0,0,0,0,0,0,0,0,0
65,0,0,1,0,0,1,0,1,0,0,0,0,1,0,0,0,0,0,0,0,0,0
66,1,1,0,0,1,1,0,1,0,0,0,1,0,0,0,0,0,0,0,0,0,1
67,0,0,0,1,0,0,1,0,0,1,0,1,0,0,0,0,0,0,0,0,0,1
68,0,0,0,0,1,1,0,0,0,1,1,0,0,0,0,0,0,0,0,0,0,0
69,1,1,0,0,1,0,1,0,0,1,1,0,0,0,0,0,0,0,0,0,0,1
70,1,0,0,0,1,1,0,0,0,1,1,0,0,0,0,0,0,0,0,0,0,0
71,0,0,0,1,0,1,0,0,0,1,0,1,0,0,0,0,0,0,0,0,0,0
72,1,1,0,0,1,0,1,0,0,1,0,0,0,0,1,0,0,0,0,0,0,0
73,0,0,0,1,0,1,0,0,0,1,0,0,0,0,0,0,0,1,0,0,0,0
74,1,0,0,0,1,1,0,1,0,0,0,1,0,0,0,0,0,0,0,0,0,0
75,0,0,0,0,1,1,0,0,0,1,0,0,0,0,0,1,0,0,0,0,0,1
76,0,0,0,0,1,1,0,0,0,1,1,0,0,0,0,0,0,0,0,0,0,0
77,0,0,0,0,1,1,0,0,0,1,1,0,0,0,0,0,0,0,0,0,0,0
78,0,0,0,0,1,1,0,0,0,1,1,0,0,0,0,0,0,0,0,0,0,0
79,0,1,0,1,0,1,0,0,0,1,0,0,1,0,0,0,0,0,0,0,0,1
80,0,0,0,0,1,0,1,0,0,1,0,1,0,0,0,0,0,0,0,0,0,1
81,0,0,0,0,1,1,0,0,0,1,1,0,0,0,0,0,0,0,0,0,0,0
82,0,0,0,0,1,1,0,0,0,1,1,0,0,0,0,0,0,0,0,0,0,1
83,0,0,0,0,1,0,1,0,1,0,1,0,0,0,0,0,0,0,0,0,0,1
84,0,0,1,0,0,1,0,0,0,1,0,0,0,0,1,0,0,0,0,0,0,0
85,0,0,0,1,0,0,1,0,0,1,0,1,0,0,0,0,0,0,0,0,0,1
86,1,0,0,0,1,0,1,0,0,1,0,1,0,0,0,0,0,0,0,0,0,1
87,1,1,0,0,1,1,0,0,0,1,0,0,0,1,0,0,0,0,0,0,0,0
88,0,0,0,0,1,1,0,0,0,1,1,0,0,0,0,0,0,0,0,0,0,0
89,1,1,1,0,0,0,1,0,0,1,0,0,0,0,0,0,0,0,0,0,1,1
90,0,0,0,0,1,1,0,0,0,1,1,0,0,0,0,0,0,0,0,0,0,0
91,0,0,0,0,1,1,0,0,0,1,1,0,0,0,0,0,0,0,0,0,0,0
92,0,0,0,0,1,1,0,0,0,1,1,0,0,0,0,0,0,0,0,0,0,0
93,1,0,1,0,0,1,0,0,0,1,0,0,0,0,0,0,1,0,0,0,0,0
94,1,1,0,0,1,1,0,0,0,1,0,0,1,0,0,0,0,0,0,0,0,0
95,0,0,0,0,1,1,0,0,0,1,1,0,0,0,0,0,0,0,0,0,0,0
96,0,0,0,0,1,1,0,0,0,1,1,0,0,0,0,0,0,0,0,0,0,0
97,0,0,1,0,0,1,0,1,0,0,0,0,0,1,0,0,0,0,0,0,0,0
98,0,1,1,0,0,1,0,1,0,0,0,0,0,0,0,0,1,0,0,0,0,1
99,0,1,0,1,0,0,1,0,0,1,0,0,1,0,0,0,0,0,0,0,0,1
100,1,0,0,1,0,1,0,0,0,1,0,0,1,0,0,0,0,0,0,0,0,0
101,0,0,0,0,1,0,1,0,0,1,1,0,0,0,0,0,0,0,0,0,0,0
102,0,0,0,0,1,1,0,0,0,1,1,0,0,0,0,0,0,0,0,0,0,0
103,0,1,1,0,0,1,0,0,0,1,0,0,0,0,0,0,0,1,0,0,0,0
104,0,0,0,0,1,1,0,0,0,1,1,0,0,0,0,0,0,0,0,0,0,0
105,1,0,0,0,1,1,0,0,0,1,1,0,0,0,0,0,0,0,0,0,0,0
106,0,0,0,0,1,1,0,0,0,1,1,0,0,0,0,0,0,0,0,0,0,0
107,0,0,0,0,1,0,1,0,0,1,1,0,0,0,0,0,0,0,0,0,0,1
108,0,0,0,0,1,1,0,0,0,1,1,0,0,0,0,0,0,0,0,0,0,1
109,0,0,0,0,1,1,0,0,0,1,1,0,0,0,0,0,0,0,0,0,0,0
110,1,0,0,0,1,0,1,0,1,0,0,0,1,0,0,0,0,0,0,0,0,1
111,0,0,1,0,0,1,0,0,0,1,0,0,0,0,0,1,0,0,0,0,0,0
112,1,0,0,0,1,0,1,1,0,0,0,1,0,0,0,0,0,0,0,0,0,0
113,0,0,0,0,1,1,0,0,0,1,1,0,0,0,0,0,0,0,0,0,0,0
114,1,0,0,0,1,0,1,0,0,1,1,0,0,0,0,0,0,0,0,0,0,0
115,0,0,0,0,1,0,1,1,0,0,0,1,0,0,0,0,0,0,0,0,0,0
116,0,0,0,0,1,1,0,0,0,1,1,0,0,0,0,0,0,0,0,0,0,0
117,0,0,0,0,1,1,0,0,1,0,1,0,0,0,0,0,0,0,0,0,0,0
118,1,0,0,1,0,1,0,0,0,1,0,0,1,0,0,0,0,0,0,0,0,0
119,0,1,1,0,0,1,0,1,0,0,0,0,0,0,0,0,0,0,0,0,1,0
120,1,1,0,0,1,0,1,0,0,1,0,0,0,1,0,0,0,0,0,0,0,0
121,1,0,0,1,0,1,0,0,0,1,0,0,0,0,0,0,0,1,0,0,0,0
122,0,0,0,0,1,1,0,0,0,1,1,0,0,0,0,0,0,0,0,0,0,0
123,1,0,0,1,0,1,0,1,0,0,0,0,0,1,0,0,0,0,0,0,0,0
124,0,0,0,1,0,0,1,0,0,1,0,1,0,0,0,0,0,0,0,0,0,1
125,0,1,1,0,0,1,0,0,0,1,0,0,0,0,0,0,0,1,0,0,0,0
126,1,0,0,0,1,1,0,1,0,0,0,1,0,0,0,0,0,0,0,0,0,1
127,0,0,0,0,1,1,0,0,1,0,1,0,0,0,0,0,0,0,0,0,0,0
128,0,0,0,0,1,1,0,0,0,1,1,0,0,0,0,0,0,0,0,0,0,1
129,1,1,0,0,1,0,1,1,0,0,0,0,1,0,0,0,0,0,0,0,0,1
130,0,0,0,0,1,1,0,0,0,1,1,0,0,0,0,0,0,0,0,0,0,0
131,0,0,0,0,1,1,0,1,0,0,1,0,0,0,0,0,0,0,0,0,0,0
132,0,0,0,0,1,1,0,0,0,1,1,0,0,0,0,0,0,0,0,0,0,0
133,1,0,0,0,1,0,1,0,0,1,0,1,0,0,0,0,0,0,0,0,0,0
134,1,0,0,1,0,0,1,0,0,1,0,0,1,0,0,0,0,0,0,0,0,1
135,0,0,0,1,0,1,0,0,0,1,0,1,0,0,0,0,0,0,0,0,0,0
136,0,0,0,1,0,1,0,1,0,0,0,1,0,0,0,0,0,0,0,0,0,0
137,0,1,1,0,0,0,1,0,0,1,0,0,1,0,0,0,0,0,0,0,0,1
138,1,0,1,0,0,1,0,0,0,1,0,0,0,0,0,1,0,0,0,0,0,0
139,0,0,0,0,1,1,0,0,0,1,1,0,0,0,0,0,0,0,0,0,0,0
140,0,0,1,0,0,1,0,1,0,0,0,0,0,0,0,0,0,1,0,0,0,0
141,0,1,0,0,1,0,1,1,0,0,0,1,0,0,0,0,0,0,0,0,0,0
142,0,0,0,0,1,0,1,0,0,1,1,0,0,0,0,0,0,0,0,0,0,1
143,1,0,0,0,1,0,1,0,0,1,0,1,0,0,0,0,0,0,0,0,0,1
144,0,0,0,0,1,1,0,0,1,0,1,0,0,0,0,0,0,0,0,0,0,0
145,0,0,0,1,0,1,0,0,0,1,0,1,0,0,0,0,0,0,0,0,0,0
146,1,1,0,1,0,1,0,0,0,1,0,0,0,1,0,0,0,0,0,0,0,0
147,0,0,0,0,1,1,0,0,0,1,1,0,0,0,0,0,0,0,0,0,0,1
148,1,1,0,0,1,0,1,0,0,1,0,0,0,1,0,0,0,0,0,0,0,0
149,0,1,0,1,0,1,0,0,0,1,0,0,1,0,0,0,0,0,0,0,0,0
150,0,0,0,1,0,1,0,0,0,1,0,1,0,0,0,0,0,0,0,0,0,0
151,0,0,0,1,0,1,0,0,0,1,0,1,0,0,0,0,0,0,0,0,0,0
152,1,0,1,0,0,0,1,0,0,1,0,0,0,0,0,0,1,0,0,0,0,1
153,0,0,0,0,1,1,0,0,0,1,1,0,0,0,0,0,0,0,0,0,0,0
154,0,1,0,0,1,1,0,0,0,1,0,1,0,0,0,0,0,0,0,0,0,0
155,0,0,0,0,1,1,0,0,0,1,1,0,0,0,0,0,0,0,0,0,0,0
156,0,1,1,0,0,1,0,1,0,0,0,0,0,0,0,0,1,0,0,0,0,0
157,0,0,0,0,1,0,1,0,1,0,1,0,0,0,0,0,0,0,0,0,0,1
158,0,0,0,0,1,1,0,0,0,1,1,0,0,0,0,0,0,0,0,0,0,0
159,0,0,0,0,1,1,0,0,0,1,1,0,0,0,0,0,0,0,0,0,0,0
160,1,1,0,0,1,1,0,0,0,1,0,0,0,0,0,0,1,0,0,0,0,0
161,0,1,0,0,1,1,0,0,0,1,0,1,0,0,0,0,0,0,0,0,0,0
162,0,0,0,1,0,0,1,0,0,1,0,1,0,0,0,0,0,0,0,0,0,1
163,0,0,0,0,1,1,0,0,0,1,1,0,0,0,0,0,0,0,0,0,0,0
164,0,0,0,0,1,1,0,0,0,1,1,0,0,0,0,0,0,0,0,0,0,0
165,1,1,0,0,1,1,0,0,0,1,0,0,0,1,0,0,0,0,0,0,0,0
166,0,1,0,0,1,1,0,0,0,1,0,0,1,0,0,0,0,0,0,0,0,1
167,0,1,1,0,0,0,1,0,0,1,0,0,0,0,0,1,0,0,0,0,0,1
168,1,1,0,0,1,0,1,0,0,1,0,0,1,0,0,0,0,0,0,0,0,0
169,0,0,1,0,0,1,0,0,0,1,0,0,1,0,0,0,0,0,0,0,0,0
170,0,0,0,0,1,1,0,0,0,1,0,0,0,0,0,1,0,0,0,0,0,0
171,0,0,1,0,0,1,0,0,0,1,0,0,0,1,0,0,0,0,0,0,0,0
172,1,1,0,0,1,1,0,0,1,0,0,0,1,0,0,0,0,0,0,0,0,0
173,1,1,0,0,1,0,1,0,0,1,0,1,0,0,0,0,0,0,0,0,0,1
174,0,0,0,0,1,1,0,0,0,1,1,0,0,0,0,0,0,0,0,0,0,0
175,0,0,1,0,0,1,0,1,0,0,0,0,0,1,0,0,0,0,0,0,0,0
176,1,1,0,0,1,1,0,0,0,1,1,0,0,0,0,0,0,0,0,0,0,0
177,1,1,0,0,1,1,0,0,0,1,0,0,1,0,0,0,0,0,0,0,0,0
178,0,0,1,0,0,0,1,1,0,0,0,0,1,0,0,0,0,0,0,0,0,0
179,0,0,0,1,0,1,0,0,0,1,0,1,0,0,0,0,0,0,0,0,0,0
180,0,0,0,0,1,1,0,0,0,1,1,0,0,0,0,0,0,0,0,0,0,0
181,1,1,0,0,1,0,1,0,0,1,0,0,0,0,0,0,1,0,0,0,0,0
182,0,0,0,1,0,1,0,1,0,0,0,1,0,0,0,0,0,0,0,0,0,0
183,1,1,0,0,1,1,0,0,0,1,0,0,0,1,0,0,0,0,0,0,0,0
184,1,1,0,1,0,1,0,0,0,1,0,0,0,1,0,0,0,0,0,0,0,1
185,0,1,0,0,1,0,1,0,0,1,0,0,1,0,0,0,0,0,0,0,0,1
186,0,0,1,0,0,1,0,0,0,1,0,0,0,0,0,0,0,0,0,0,0,0
187,1,0,0,0,1,0,1,0,1,0,0,1,0,0,0,0,0,0,0,0,0,1
188,0,0,1,0,0,1,0,0,0,1,0,0,1,0,0,0,0,0,0,0,0,1
189,1,1,0,0,1,1,0,0,1,0,0,1,0,0,0,0,0,0,0,0,0,0
190,0,0,0,0,1,1,0,0,0,1,1,0,0,0,0,0,0,0,0,0,0,0
191,0,0,0,1,0,0,1,0,0,1,0,1,0,0,0,0,0,0,0,0,0,1
192,0,0,0,1,0,1,0,0,0,1,0,1,0,0,0,0,0,0,0,0,0,0
193,1,0,0,0,1,0,1,0,0,1,1,0,0,0,0,0,0,0,0,0,0,1
194,1,1,0,1,0,1,0,0,0,1,0,0,1,0,0,0,0,0,0,0,0,1
195,0,0,1,0,0,0,1,1,0,0,0,0,1,0,0,0,0,0,0,0,0,1
196,0,0,1,0,0,0,1,1,0,0,0,0,0,0,0,0,0,0,0,0,1,1
197,0,0,0,0,1,1,0,0,1,0,1,0,0,0,0,0,0,0,0,0,0,0
198,0,1,0,0,1,1,0,0,0,1,1,0,0,0,0,0,0,0,0,0,0,0
199,0,0,0,0,1,0,1,0,1,0,1,0,0,0,0,0,0,0,0,0,0,1
200,0,0,0,1,0,0,1,0,0,1,0,1,0,0,0,0,0,0,0,0,0,0
201,0,0,0,0,1,1,0,0,0,1,1,0,0,0,0,0,0,0,0,0,0,0
202,1,1,0,0,1,1,0,0,0,1,0,0,0,0,0,0,1,0,0,0,0,0
203,0,0,0,0,1,1,0,0,0,1,1,0,0,0,0,0,0,0,0,0,0,0
204,0,0,0,0,1,1,0,1,0,0,1,0,0,0,0,0,0,0,0,0,0,0
205,0,0,0,0,1,1,0,0,0,1,1,0,0,0,0,0,0,0,0,0,0,1
206,0,1,0,0,1,0,1,0,0,1,0,1,0,0,0,0,0,0,0,0,0,0
207,1,0,0,0,1,1,0,0,0,1,0,1,0,0,0,0,0,0,0,0,0,0
208,0,0,0,0,1,1,0,1,0,0,0,1,0,0,0,0,0,0,0,0,0,1
209,0,0,0,0,1,0,1,0,1,0,1,0,0,0,0,0,0,0,0,0,0,1
210,0,0,1,0,0,1,0,1,0,0,0,0,0,1,0,0,0,0,0,0,0,1
211,0,0,0,0,1,1,0,0,0,1,1,0,0,0,0,0,0,0,0,0,0,0
212,0,0,0,1,0,0,1,0,0,1,0,0,1,0,0,0,0,0,0,0,0,1
213,0,0,0,0,1,1,0,0,0,1,1,0,0,0,0,0,0,0,0,0,0,0
214,0,0,0,1,0,1,0,0,0,1,0,1,0,0,0,0,0,0,0,0,0,0
215,1,0,0,0,1,1,0,0,1,0,1,0,0,0,0,0,0,0,0,0,0,0
216,1,0,1,0,0,0,1,1,0,0,0,0,0,0,0,0,0,0,0,0,1,1
217,0,0,0,0,1,0,1,0,0,1,1,0,0,0,0,0,0,0,0,0,0,1
218,1,0,0,1,0,1,0,0,0,1,0,0,1,0,0,0,0,0,0,0,0,0
219,0,0,1,0,0,0,1,1,0,0,0,0,0,0,0,0,0,1,0,0,0,1
220,0,0,0,1,0,1,0,0,0,1,0,1,0,0,0,0,0,0,0,0,0,0
221,0,0,0,0,1,1,0,0,0,1,1,0,0,0,0,0,0,0,0,0,0,1
222,0,0,0,1,0,1,0,0,0,1,0,1,0,0,0,0,0,0,0,0,0,0
223,0,0,0,0,1,1,0,0,0,1,1,0,0,0,0,0,0,0,0,0,0,0
224,0,0,0,0,1,1,0,0,0,1,1,0,0,0,0,0,0,0,0,0,0,0
225,1,0,1,0,0,1,0,0,0,1,0,0,0,0,0,0,0,0,0,0,0,1
226,0,0,0,0,1,1,0,0,0,1,1,0,0,0,0,0,0,0,0,0,0,0
227,0,0,0,1,0,1,0,0,0,1,0,1,0,0,0,0,0,0,0,0,0,1
228,0,0,0,0,1,1,0,0,0,1,1,0,0,0,0,0,0,0,0,0,0,0
229,0,0,0,1,0,1,0,0,0,1,0,1,0,0,0,0,0,0,0,0,0,0
230,1,1,0,0,1,0,1,0,0,1,0,0,1,0,0,0,0,0,0,0,0,0
231,1,0,1,0,0,0,1,0,0,1,0,0,0,0,0,0,0,0,1,0,0,1
232,0,0,0,0,1,1,0,0,0,1,1,0,0,0,0,0,0,0,0,0,0,0
233,0,0,0,1,0,1,0,0,0,1,0,1,0,0,0,0,0,0,0,0,0,0
234,1,1,0,0,1,0,1,0,0,1,0,0,0,1,0,0,0,0,0,0,0,1
235,0,0,0,1,0,1,0,0,0,1,0,1,0,0,0,0,0,0,0,0,0,0
236,0,0,0,0,1,0,1,0,0,1,1,0,0,0,0,0,0,0,0,0,0,0
237,1,0,0,1,0,1,0,0,0,1,0,0,1,0,0,0,0,0,0,0,0,0
238,0,1,0,1,0,0,1,0,0,1,0,0,1,0,0,0,0,0,0,0,0,1
239,0,0,0,1,0,1,0,0,0,1,0,1,0,0,0,0,0,0,0,0,0,0
240,0,0,0,1,0,1,0,0,0,1,0,1,0,0,0,0,0,0,0,0,0,0
241,1,0,0,0,1,0,1,1,0,0,0,1,0,0,0,0,0,0,0,0,0,0
242,1,0,0,0,1,0,1,0,1,0,0,1,0,0,0,0,0,0,0,0,0,1
243,0,0,0,1,0,1,0,0,0,1,0,1,0,0,0,0,0,0,0,0,0,0
244,0,0,0,0,1,1,0,0,0,1,1,0,0,0,0,0,0,0,0,0,0,0
245,0,0,0,0,1,1,0,1,0,0,1,0,0,0,0,0,0,0,0,0,0,0
246,1,0,1,0,0,1,0,0,1,0,0,0,0,0,0,0,0,0,0,0,0,0
247,0,0,0,0,1,0,1,0,0,1,1,0,0,0,0,0,0,0,0,0,0,0
248,0,1,0,1,0,0,1,0,0,1,0,1,0,0,0,0,0,0,0,0,0,1
249,1,1,1,0,0,1,0,0,0,1,0,0,0,0,0,1,0,0,0,0,0,1
250,1,0,0,1,0,1,0,0,0,1,0,0,1,0,0,0,0,0,0,0,0,0
251,0,0,0,0,1,1,0,0,0,1,1,0,0,0,0,0,0,0,0,0,0,0
252,1,1,0,0,1,0,1,0,0,1,0,1,0,0,0,0,0,0,0,0,0,0
253,0,0,1,0,0,1,0,0,0,1,0,0,1,0,0,0,0,0,0,0,0,0
254,1,0,0,0,1,1,0,0,0,1,0,1,0,0,0,0,0,0,0,0,0,0
255,0,1,0,0,1,0,1,0,0,1,0,0,1,0,0,0,0,0,0,0,0,0
256,0,1,0,0,1,0,1,1,0,0,0,1,0,0,0,0,0,0,0,0,0,1
257,0,0,1,0,0,0,1,1,0,0,0,0,0,0,0,0,0,1,0,0,0,1
258,0,0,1,0,0,0,1,0,0,1,0,0,0,0,0,0,0,0,1,0,0,1
259,0,0,1,0,0,0,1,1,0,0,0,0,0,0,0,0,0,0,0,0,1,1
260,0,1,0,1,0,0,1,0,0,1,0,0,1,0,0,0,0,0,0,0,0,1
261,0,0,0,0,1,1,0,0,1,0,1,0,0,0,0,0,0,0,0,0,0,0
262,1,1,0,0,1,1,0,0,0,1,0,0,0,1,0,0,0,0,0,0,0,1
263,1,1,1,0,0,1,0,0,0,1,0,0,0,0,0,0,0,1,0,0,0,0
264,0,0,1,0,0,1,0,0,0,1,1,0,0,0,0,0,0,0,0,0,0,0
265,0,0,0,0,1,0,1,0,1,0,1,0,0,0,0,0,0,0,0,0,0,0
266,0,0,0,1,0,1,0,0,0,1,0,1,0,0,0,0,0,0,0,0,0,0
267,1,1,0,0,1,1,0,0,0,1,0,0,0,1,0,0,0,0,0,0,0,0
268,1,0,0,0,1,1,0,0,0,1,1,0,0,0,0,0,0,0,0,0,0,1
269,0,1,1,0,0,0,1,0,0,1,0,0,0,0,0,0,0,0,0,0,1,1
270,0,0,1,0,0,0,1,0,0,1,0,0,0,0,0,0,0,0,0,0,1,1
271,0,0,1,0,0,1,0,0,0,1,0,0,0,1,0,0,0,0,0,0,0,0
272,0,0,0,0,1,1,0,0,0,1,1,0,0,0,0,0,0,0,0,0,0,1
273,0,1,0,1,0,0,1,0,0,1,0,1,0,0,0,0,0,0,0,0,0,1
274,0,1,1,0,0,1,0,1,0,0,0,0,1,0,0,0,0,0,0,0,0,0
275,0,0,0,0,1,0,1,0,1,0,1,0,0,0,0,0,0,0,0,0,0,1
276,1,0,1,0,0,0,1,0,0,1,0,0,0,0,0,0,0,1,0,0,0,1
277,0,0,0,0,1,0,1,0,0,1,1,0,0,0,0,0,0,0,0,0,0,0
278,0,0,0,1,0,1,0,0,0,1,1,0,0,0,0,0,0,0,0,0,0,0
279,1,1,0,0,1,1,0,0,1,0,0,0,1,0,0,0,0,0,0,0,0,0
280,1,1,0,0,1,0,1,0,0,1,0,0,1,0,0,0,0,0,0,0,0,1
281,0,0,0,0,1,1,0,0,1,0,1,0,0,0,0,0,0,0,0,0,0,0
282,0,0,0,0,1,1,0,0,0,1,1,0,0,0,0,0,0,0,0,0,0,0
283,0,0,0,0,1,1,0,0,0,1,1,0,0,0,0,0,0,0,0,0,0,0
284,0,0,0,0,1,1,0,0,0,1,1,0,0,0,0,0,0,0,0,0,0,1
285,0,0,1,0,0,1,0,0,0,1,0,0,1,0,0,0,0,0,0,0,0,0
286,0,0,0,0,1,1,0,1,0,0,1,0,0,0,0,0,0,0,0,0,0,0
287,0,0,0,0,1,1,0,0,0,1,1,0,0,0,0,0,0,0,0,0,0,1
288,0,0,0,0,1,1,0,0,0,1,1,0,0,0,0,0,0,0,0,0,0,0
289,0,0,0,1,0,1,0,0,0,1,0,1,0,0,0,0,0,0,0,0,0,1
290,0,0,0,0,1,0,1,0,1,0,1,0,0,0,0,0,0,0,0,0,0,1
291,0,0,1,0,0,0,1,0,0,1,0,0,0,0,0,0,0,1,0,0,0,1
292,1,0,1,0,0,0,1,1,0,0,0,0,0,0,0,0,0,0,0,1,0,1
293,0,0,0,1,0,1,0,1,0,0,0,1,0,0,0,0,0,0,0,0,0,0
294,0,0,0,0,1,0,1,0,0,1,1,0,0,0,0,0,0,0,0,0,0,0
295,0,0,0,0,1,1,0,0,0,1,1,0,0,0,0,0,0,0,0,0,0,0
296,0,0,1,0,0,1,0,1,0,0,0,0,1,0,0,0,0,0,0,0,0,0
297,0,0,0,0,1,1,0,1,0,0,1,0,0,0,0,0,0,0,0,0,0,0
298,1,1,1,0,0,0,1,0,0,1,0,0,0,0,0,0,0,0,0,0,1,0
299,0,0,1,0,0,1,0,0,0,1,0,0,0,1,0,0,0,0,0,0,0,1
300,0,1,1,0,0,0,1,1,0,0,0,0,0,0,0,0,0,0,0,0,1,1
301,0,0,0,0,1,0,1,0,1,0,1,0,0,0,0,0,0,0,0,0,0,1
302,1,0,0,0,1,1,0,0,1,0,0,0,1,0,0,0,0,0,0,0,0,1
303,0,0,0,0,1,1,0,0,0,1,1,0,0,0,0,0,0,0,0,0,0,0
304,0,0,0,1,0,0,1,0,1,0,0,1,0,0,0,0,0,0,0,0,0,1
305,0,0,0,0,1,1,0,0,0,1,1,0,0,0,0,0,0,0,0,0,0,0
306,1,1,1,0,0,1,0,0,0,1,0,0,0,0,0,0,0,0,0,0,1,1
307,0,0,1,0,0,0,1,1,0,0,0,0,0,0,0,0,0,0,0,0,1,1
308,1,0,1,0,0,0,1,1,0,0,0,0,0,0,0,0,0,0,0,0,1,1
309,1,0,0,1,0,1,0,1,0,0,0,0,1,0,0,0,0,0,0,0,0,0
310,0,0,1,0,0,0,1,1,0,0,0,0,0,0,0,1,0,0,0,0,0,1
311,0,0,1,0,0,0,1,1,0,0,0,0,0,0,0,0,0,0,1,0,0,1
312,1,1,1,0,0,0,1,1,0,0,0,0,0,0,0,0,0,0,0,0,1,1
313,1,1,0,1,0,0,1,0,0,1,0,0,1,0,0,0,0,0,0,0,0,0
314,0,0,0,0,1,1,0,0,0,1,1,0,0,0,0,0,0,0,0,0,0,0
315,1,1,0,1,0,1,0,0,0,1,0,0,1,0,0,0,0,0,0,0,0,0
316,0,0,0,0,1,0,1,0,0,1,1,0,0,0,0,0,0,0,0,0,0,1
317,1,0,0,1,0,0,1,0,0,1,0,0,1,0,0,0,0,0,0,0,0,1
318,0,0,0,1,0,1,0,0,0,1,0,1,0,0,0,0,0,0,0,0,0,0
319,0,1,1,0,0,0,1,0,0,1,0,0,0,0,0,0,0,0,0,0,1,1
320,1,1,1,0,0,0,1,1,0,0,0,0,0,0,0,0,0,0,0,0,1,1
321,0,0,0,0,1,1,0,0,0,1,1,0,0,0,0,0,0,0,0,0,0,0
322,0,0,0,0,1,1,0,0,0,1,1,0,0,0,0,0,0,0,0,0,0,0
323,0,0,0,1,0,0,1,0,1,0,0,1,0,0,0,0,0,0,0,0,0,1
324,1,1,0,1,0,0,1,0,0,1,0,0,1,0,0,0,0,0,0,0,0,1
325,1,1,0,0,1,1,0,0,0,1,0,0,0,0,0,0,1,0,0,0,0,0
326,0,0,1,0,0,0,1,1,0,0,0,0,0,0,0,0,0,0,0,0,1,1
327,0,0,0,0,1,1,0,0,0,1,1,0,0,0,0,0,0,0,0,0,0,0
328,0,0,0,1,0,0,1,0,0,1,0,1,0,0,0,0,0,0,0,0,0,1
329,1,1,0,0,1,0,1,0,0,1,0,0,1,0,0,0,0,0,0,0,0,1
330,0,1,1,0,0,0,1,1,0,0,0,0,0,0,0,1,0,0,0,0,0,1
331,1,0,0,0,1,0,1,0,1,0,0,0,1,0,0,0,0,0,0,0,0,1
332,0,0,1,0,0,1,0,0,0,1,0,0,1,0,0,0,0,0,0,0,0,0
333,0,1,1,0,0,1,0,0,0,1,0,0,0,0,0,0,0,0,0,0,1,0
334,1,0,0,0,1,1,0,0,0,1,0,1,0,0,0,0,0,0,0,0,0,0
335,1,0,1,0,0,0,1,0,0,1,0,0,0,0,0,0,0,0,0,0,1,1
336,0,0,0,0,1,1,0,0,0,1,1,0,0,0,0,0,0,0,0,0,0,0
337,1,0,1,0,0,1,0,0,0,1,0,0,0,0,0,0,1,0,0,0,0,0
338,0,0,1,0,0,0,1,1,0,0,0,0,0,0,0,0,0,0,0,0,1,1
339,0,0,0,0,1,1,0,0,0,1,1,0,0,0,0,0,0,0,0,0,0,1
340,0,0,1,0,0,1,0,0,0,1,0,0,0,1,0,0,0,0,0,0,0,0
341,1,1,0,1,0,1,0,0,0,1,0,0,1,0,0,0,0,0,0,0,0,1
342,1,1,1,0,0,0,1,0,0,1,0,0,0,0,0,0,0,0,0,0,1,1
343,0,0,0,1,0,1,0,0,0,1,0,1,0,0,0,0,0,0,0,0,0,0
344,0,0,0,1,0,1,0,0,0,1,0,1,0,0,0,0,0,0,0,0,0,0
345,0,0,0,1,0,1,0,0,0,1,0,1,0,0,0,0,0,0,0,0,0,0
346,0,0,0,1,0,0,1,0,0,1,0,1,0,0,0,0,0,0,0,0,0,1
347,0,0,0,1,0,0,1,0,0,1,0,1,0,0,0,0,0,0,0,0,0,1
348,1,0,0,0,1,0,1,0,0,1,0,1,0,0,0,0,0,0,0,0,0,1
349,1,1,0,0,1,1,0,0,0,1,0,1,0,0,0,0,0,0,0,0,0,1
350,0,0,0,0,1,1,0,0,0,1,1,0,0,0,0,0,0,0,0,0,0,0
351,0,0,0,0,1,1,0,0,0,1,1,0,0,0,0,0,0,0,0,0,0,0
352,0,0,1,0,0,1,0,0,0,1,0,0,0,1,0,0,0,0,0,0,0,0
353,1,1,0,0,1,1,0,1,0,0,1,0,0,0,0,0,0,0,0,0,0,0
354,1,0,0,0,1,1,0,0,0,1,0,1,0,0,0,0,0,0,0,0,0,0
355,0,0,0,0,1,1,0,1,0,0,1,0,0,0,0,0,0,0,0,0,0,0
356,0,0,0,0,1,1,0,0,0,1,1,0,0,0,0,0,0,0,0,0,0,0
357,0,1,1,0,0,0,1,0,0,1,0,0,0,0,0,1,0,0,0,0,0,1
358,0,0,0,1,0,0,1,0,0,1,0,1,0,0,0,0,0,0,0,0,0,0
359,0,0,0,0,1,0,1,0,1,0,1,0,0,0,0,0,0,0,0,0,0,1
360,0,0,0,0,1,0,1,0,1,0,1,0,0,0,0,0,0,0,0,0,0,1
361,1,1,0,0,1,1,0,0,0,1,0,0,1,0,0,0,0,0,0,0,0,0
362,1,0,0,1,0,1,0,1,0,0,0,0,1,0,0,0,0,0,0,0,0,0
363,0,1,0,0,1,0,1,1,0,0,0,1,0,0,0,0,0,0,0,0,0,0
364,0,0,0,0,1,1,0,0,0,1,1,0,0,0,0,0,0,0,0,0,0,0
365,1,0,0,0,1,1,0,0,1,0,0,1,0,0,0,0,0,0,0,0,0,0
366,0,0,0,0,1,1,0,0,0,1,1,0,0,0,0,0,0,0,0,0,0,0
367,1,0,1,0,0,0,1,1,0,0,0,0,0,0,0,0,0,1,0,0,0,1
368,0,0,0,0,1,0,1,1,0,0,1,0,0,0,0,0,0,0,0,0,0,1
369,0,0,0,0,1,0,1,0,1,0,1,0,0,0,0,0,0,0,0,0,0,1
370,0,0,1,0,0,0,1,1,0,0,0,0,0,0,0,0,1,0,0,0,0,1
371,1,0,1,0,0,1,0,1,0,0,0,0,0,0,0,1,0,0,0,0,0,1
372,1,0,0,0,1,1,0,0,0,1,1,0,0,0,0,0,0,0,0,0,0,0
373,0,0,0,0,1,1,0,0,0,1,1,0,0,0,0,0,0,0,0,0,0,0
374,0,0,1,0,0,1,0,1,0,0,0,0,0,0,0,0,0,0,0,0,1,0
375,1,1,0,0,1,0,1,0,0,1,0,0,1,0,0,0,0,0,0,0,0,0
376,1,0,1,0,0,0,1,1,0,0,0,0,0,0,0,0,0,0,1,0,0,1
377,0,0,0,0,1,0,1,0,0,1,1,0,0,0,0,0,0,0,0,0,0,1
378,0,1,1,0,0,1,0,1,0,0,0,0,0,0,0,0,0,0,0,0,1,0
379,0,0,0,0,1,1,0,1,0,0,1,0,0,0,0,0,0,0,0,0,0,0
380,0,0,0,0,1,1,0,0,0,1,1,0,0,0,0,0,0,0,0,0,0,0
381,0,0,1,0,0,0,1,1,0,0,0,0,0,0,0,0,0,0,0,0,1,1
382,0,1,0,0,1,0,1,1,0,0,0,1,0,0,0,0,0,0,0,0,0,1
383,0,0,0,0,1,1,0,0,0,1,1,0,0,0,0,0,0,0,0,0,0,0
384,1,0,1,0,0,0,1,0,0,1,0,0,0,0,0,1,0,0,0,0,0,1
385,0,0,0,0,1,1,0,0,0,1,1,0,0,0,0,0,0,0,0,0,0,0
386,0,0,0,1,0,1,0,0,0,1,0,0,0,0,0,0,0,1,0,0,0,0
387,1,1,0,0,1,1,0,0,0,1,0,0,0,0,1,0,0,0,0,0,0,0
388,0,0,0,1,0,0,1,0,0,1,0,1,0,0,0,0,0,0,0,0,0,1
389,0,0,0,0,1,1,0,0,1,0,1,0,0,0,0,0,0,0,0,0,0,0
390,0,0,0,1,0,0,1,1,0,0,0,1,0,0,0,0,0,0,0,0,0,1
391,1,1,1,0,0,1,0,0,0,1,0,0,0,0,0,0,0,0,0,0,1,1
392,0,0,0,0,1,1,0,0,0,1,1,0,0,0,0,0,0,0,0,0,0,1
393,1,0,0,0,1,1,0,0,0,1,1,0,0,0,0,0,0,0,0,0,0,0
394,1,0,1,0,0,0,1,1,0,0,0,0,0,0,0,0,0,0,0,0,1,1
395,0,1,0,0,1,0,1,0,0,1,0,1,0,0,0,0,0,0,0,0,0,1
396,0,0,0,0,1,1,0,0,0,1,1,0,0,0,0,0,0,0,0,0,0,0
397,0,0,0,0,1,0,1,0,0,1,1,0,0,0,0,0,0,0,0,0,0,0
398,0,0,0,1,0,1,0,0,0,1,0,0,1,0,0,0,0,0,0,0,0,0
399,0,0,0,1,0,1,0,0,0,1,0,1,0,0,0,0,0,0,0,0,0,0
400,0,0,0,1,0,0,1,0,0,1,0,1,0,0,0,0,0,0,0,0,0,1
401,0,0,0,0,1,1,0,0,0,1,1,0,0,0,0,0,0,0,0,0,0,1
402,0,0,0,0,1,1,0,0,0,1,1,0,0,0,0,0,0,0,0,0,0,0
403,1,0,0,0,1,0,1,0,0,1,1,0,0,0,0,0,0,0,0,0,0,0
404,1,0,0,0,1,1,0,0,0,1,0,1,0,0,0,0,0,0,0,0,0,0
405,0,0,0,0,1,0,1,0,0,1,1,0,0,0,0,0,0,0,0,0,0,0
406,1,0,0,1,0,1,0,0,0,1,0,0,1,0,0,0,0,0,0,0,0,0
407,0,0,0,0,1,1,0,0,0,1,1,0,0,0,0,0,0,0,0,0,0,0
408,1,1,0,1,0,1,0,0,0,1,0,1,0,0,0,0,0,0,0,0,0,1
409,0,0,0,0,1,1,0,0,0,1,1,0,0,0,0,0,0,0,0,0,0,0
410,1,1,0,0,1,0,1,0,0,1,0,0,1,0,0,0,0,0,0,0,0,0
411,0,0,0,0,1,1,0,0,0,1,1,0,0,0,0,0,0,0,0,0,0,0
412,0,0,0,0,1,1,0,0,1,0,1,0,0,0,0,0,0,0,0,0,0,0
413,1,0,1,0,0,0,1,0,1,0,0,0,0,0,0,0,0,0,0,0,0,1
414,0,0,0,1,0,1,0,0,0,1,1,0,0,0,0,0,0,0,0,0,0,0
415,0,0,0,0,1,1,0,0,0,1,1,0,0,0,0,0,0,0,0,0,0,1
416,0,0,0,0,1,0,1,0,0,1,1,0,0,0,0,0,0,0,0,0,0,0
417,1,1,0,1,0,0,1,0,0,1,0,0,0,1,0,0,0,0,0,0,0,1
418,0,1,0,1,0,0,1,0,0,1,0,1,0,0,0,0,0,0,0,0,0,1
419,0,0,0,1,0,1,0,0,0,1,0,1,0,0,0,0,0,0,0,0,0,0
420,0,1,0,0,1,0,1,0,0,1,0,0,1,0,0,0,0,0,0,0,0,0
421,0,0,0,0,1,1,0,1,0,0,1,0,0,0,0,0,0,0,0,0,0,0
422,0,0,0,0,1,1,0,0,1,0,1,0,0,0,0,0,0,0,0,0,0,0
423,0,0,0,0,1,1,0,0,0,1,1,0,0,0,0,0,0,0,0,0,0,0
424,1,1,0,0,1,0,1,0,0,1,0,1,0,0,0,0,0,0,0,0,0,0
425,1,1,0,0,1,1,0,0,0,1,0,0,1,0,0,0,0,0,0,0,0,0
426,0,0,0,0,1,1,0,0,0,1,1,0,0,0,0,0,0,0,0,0,0,0
427,1,0,0,1,0,0,1,0,0,1,0,0,1,0,0,0,0,0,0,0,0,1
428,0,0,0,1,0,0,1,0,0,1,0,0,1,0,0,0,0,0,0,0,0,1
429,0,0,0,0,1,1,0,0,1,0,1,0,0,0,0,0,0,0,0,0,0,0
430,0,0,0,0,1,1,0,0,0,1,1,0,0,0,0,0,0,0,0,0,0,1
431,0,0,1,0,0,1,0,0,0,1,0,0,1,0,0,0,0,0,0,0,0,1
432,1,0,0,0,1,0,1,0,0,1,0,1,0,0,0,0,0,0,0,0,0,1
433,1,0,0,1,0,0,1,0,0,1,0,0,1,0,0,0,0,0,0,0,0,1
434,0,0,0,0,1,1,0,0,0,1,1,0,0,0,0,0,0,0,0,0,0,0
435,1,0,1,0,0,1,0,0,0,1,0,0,0,0,0,1,0,0,0,0,0,0
436,1,1,1,0,0,0,1,0,0,1,0,0,0,0,0,0,0,0,0,0,1,1
437,1,1,0,0,1,0,1,0,0,1,0,0,0,1,0,0,0,0,0,0,0,0
438,1,1,0,1,0,0,1,0,0,1,0,1,0,0,0,0,0,0,0,0,0,1
439,1,1,1,0,0,1,0,0,0,1,0,0,0,0,0,0,0,0,0,0,1,0
440,0,0,0,1,0,1,0,0,0,1,0,1,0,0,0,0,0,0,0,0,0,0
441,1,1,0,1,0,0,1,0,0,1,0,0,1,0,0,0,0,0,0,0,0,1
442,0,0,0,0,1,1,0,0,0,1,1,0,0,0,0,0,0,0,0,0,0,0
443,1,0,0,0,1,1,0,0,0,1,1,0,0,0,0,0,0,0,0,0,0,0
444,0,0,0,1,0,0,1,0,0,1,0,1,0,0,0,0,0,0,0,0,0,1
445,0,0,0,0,1,1,0,0,0,1,1,0,0,0,0,0,0,0,0,0,0,1
446,0,1,1,0,0,1,0,0,0,1,0,0,0,0,0,0,0,0,1,0,0,1
447,0,1,0,1,0,0,1,0,0,1,0,1,0,0,0,0,0,0,0,0,0,1
448,0,0,1,0,0,1,0,0,0,1,0,0,1,0,0,0,0,0,0,0,0,1
449,1,1,0,0,1,0,1,1,0,0,0,1,0,0,0,0,0,0,0,0,0,1
450,0,0,1,0,0,1,0,0,0,1,0,0,0,1,0,0,0,0,0,0,0,1
451,1,1,0,1,0,1,0,0,0,1,0,0,1,0,0,0,0,0,0,0,0,0
452,1,0,0,0,1,1,0,0,0,1,0,1,0,0,0,0,0,0,0,0,0,0
453,0,0,1,0,0,1,0,1,0,0,0,0,1,0,0,0,0,0,0,0,0,0
454,1,0,1,0,0,1,0,1,0,0,0,0,0,0,0,0,0,0,1,0,0,1
455,0,0,0,0,1,1,0,0,0,1,1,0,0,0,0,0,0,0,0,0,0,0
456,0,0,0,0,1,1,0,1,0,0,1,0,0,0,0,0,0,0,0,0,0,1
457,0,0,1,0,0,1,0,0,0,1,0,0,1,0,0,0,0,0,0,0,0,0
458,1,0,1,0,0,0,1,0,0,1,0,0,0,0,0,1,0,0,0,0,0,1
459,0,0,0,1,0,0,1,0,0,1,0,1,0,0,0,0,0,0,0,0,0,1
460,0,0,0,0,1,1,0,0,1,0,1,0,0,0,0,0,0,0,0,0,0,0
461,0,0,1,0,0,1,0,0,0,1,0,0,1,0,0,0,0,0,0,0,0,1
462,0,0,0,0,1,1,0,0,0,1,1,0,0,0,0,0,0,0,0,0,0,0
463,0,0,1,0,0,1,0,0,0,1,0,0,0,1,0,0,0,0,0,0,0,0
464,0,0,0,1,0,1,0,0,0,1,0,1,0,0,0,0,0,0,0,0,0,0
465,0,0,0,0,1,1,0,0,0,1,1,0,0,0,0,0,0,0,0,0,0,0
466,0,0,0,0,1,1,0,0,0,1,1,0,0,0,0,0,0,0,0,0,0,0
467,0,0,0,1,0,1,0,0,0,1,1,0,0,0,0,0,0,0,0,0,0,0
468,0,0,1,0,0,1,0,0,0,1,0,0,1,0,0,0,0,0,0,0,0,0
469,0,0,0,0,1,1,0,0,1,0,1,0,0,0,0,0,0,0,0,0,0,0
470,1,1,0,0,1,0,1,1,0,0,0,1,0,0,0,0,0,0,0,0,0,1
471,0,0,0,0,1,1,0,0,0,1,1,0,0,0,0,0,0,0,0,0,0,0
472,0,0,0,0,1,1,0,0,0,1,1,0,0,0,0,0,0,0,0,0,0,0
473,1,1,0,1,0,0,1,0,0,1,0,0,1,0,0,0,0,0,0,0,0,1
474,0,0,0,1,0,0,1,1,0,0,0,1,0,0,0,0,0,0,0,0,0,1
475,0,0,0,0,1,0,1,0,0,1,1,0,0,0,0,0,0,0,0,0,0,0
476,0,0,1,0,0,1,0,0,0,1,0,0,0,0,0,1,0,0,0,0,0,0
477,1,0,0,1,0,1,0,0,0,1,0,0,1,0,0,0,0,0,0,0,0,0
478,1,0,0,0,1,1,0,0,0,1,1,0,0,0,0,0,0,0,0,0,0,0
479,0,0,0,0,1,1,0,0,0,1,1,0,0,0,0,0,0,0,0,0,0,0
480,0,1,0,0,1,0,1,0,0,1,0,1,0,0,0,0,0,0,0,0,0,1
481,1,1,0,0,1,1,0,0,0,1,0,0,0,0,1,0,0,0,0,0,0,0
482,0,0,0,1,0,1,0,0,0,1,1,0,0,0,0,0,0,0,0,0,0,0
483,0,0,0,0,1,1,0,0,0,1,1,0,0,0,0,0,0,0,0,0,0,0
484,0,0,0,0,1,0,1,0,0,1,1,0,0,0,0,0,0,0,0,0,0,1
485,1,0,1,0,0,1,0,1,0,0,0,0,0,0,0,0,0,0,0,1,0,1
486,1,1,0,0,1,0,1,0,0,1,0,0,1,0,0,0,0,0,0,0,0,0
487,1,0,1,0,0,0,1,0,0,1,0,0,0,0,0,0,0,0,0,0,0,1
488,0,0,1,0,0,1,0,1,0,0,0,0,1,0,0,0,0,0,0,0,0,0
489,0,0,0,0,1,1,0,0,0,1,1,0,0,0,0,0,0,0,0,0,0,0
490,1,1,0,0,1,1,0,0,0,1,0,1,0,0,0,0,0,0,0,0,0,1
491,1,0,0,0,1,1,0,0,0,1,0,1,0,0,0,0,0,0,0,0,0,0
492,0,0,0,0,1,1,0,0,0,1,1,0,0,0,0,0,0,0,0,0,0,0
493,0,0,1,0,0,1,0,0,0,1,0,0,0,1,0,0,0,0,0,0,0,0
494,0,0,1,0,0,1,0,1,0,0,0,0,0,0,1,0,0,0,0,0,0,0
495,0,0,0,0,1,1,0,0,0,1,1,0,0,0,0,0,0,0,0,0,0,0
496,0,0,0,0,1,1,0,1,0,0,0,1,0,0,0,0,0,0,0,0,0,0
497,1,0,1,0,0,0,1,1,0,0,0,0,0,0,0,0,0,1,0,0,0,1
498,0,0,0,0,1,1,0,0,0,1,0,1,0,0,0,0,0,0,0,0,0,0
499,1,1,1,0,0,0,1,0,0,1,0,0,0,0,0,0,0,0,0,0,1,0
500,0,0,0,0,1,1,0,0,0,1,1,0,0,0,0,0,0,0,0,0,0,0
501,0,0,0,0,1,1,0,0,0,1,1,0,0,0,0,0,0,0,0,0,0,0
502,0,0,0,0,1,0,1,0,1,0,1,0,0,0,0,0,0,0,0,0,0,0
503,0,0,0,0,1,0,1,0,1,0,1,0,0,0,0,0,0,0,0,0,0,0
504,0,0,0,0,1,0,1,0,0,1,1,0,0,0,0,0,0,0,0,0,0,0
505,0,0,1,0,0,0,1,0,0,1,0,0,0,0,0,0,0,0,1,0,0,1
506,1,0,1,0,0,1,0,1,0,0,0,0,0,0,0,0,0,0,0,0,1,0
507,0,1,0,1,0,0,1,0,0,1,0,0,1,0,0,0,0,0,0,0,0,1
508,0,0,1,0,0,1,0,0,0,1,0,0,1,0,0,0,0,0,0,0,0,1
509,0,0,0,0,1,1,0,0,0,1,0,0,1,0,0,0,0,0,0,0,0,0
510,0,0,0,0,1,1,0,0,0,1,0,0,0,0,0,1,0,0,0,0,0,1
511,0,0,0,0,1,1,0,0,1,0,1,0,0,0,0,0,0,0,0,0,0,1
512,0,0,0,0,1,1,0,0,0,1,1,0,0,0,0,0,0,0,0,0,0,0
513,0,0,1,0,0,1,0,0,0,1,0,0,1,0,0,0,0,0,0,0,0,1
514,1,0,1,0,0,0,1,1,0,0,0,0,0,0,0,1,0,0,0,0,0,1
515,0,0,0,0,1,1,0,0,0,1,1,0,0,0,0,0,0,0,0,0,0,0
516,0,0,1,0,0,1,0,0,0,1,0,0,0,1,0,0,0,0,0,0,0,0
517,0,0,0,1,0,0,1,0,0,1,0,1,0,0,0,0,0,0,0,0,0,1
518,0,0,0,0,1,1,0,0,1,0,0,0,1,0,0,0,0,0,0,0,0,0
519,1,0,0,1,0,0,1,0,0,1,0,0,1,0,0,0,0,0,0,0,0,1
520,0,0,0,0,1,1,0,0,0,1,1,0,0,0,0,0,0,0,0,0,0,0
521,0,0,1,0,0,0,1,0,0,1,0,0,0,0,0,0,0,0,0,1,0,1
522,0,0,0,0,1,1,0,0,0,1,1,0,0,0,0,0,0,0,0,0,0,0
523,0,0,0,0,1,1,0,1,0,0,1,0,0,0,0,0,0,0,0,0,0,0
524,0,1,1,0,0,0,1,1,0,0,0,0,0,0,0,1,0,0,0,0,0,1
525,0,0,0,0,1,1,0,1,0,0,1,0,0,0,0,0,0,0,0,0,0,0
526,0,0,0,0,1,1,0,0,1,0,1,0,0,0,0,0,0,0,0,0,0,0
527,0,0,0,1,0,0,1,0,0,1,0,1,0,0,0,0,0,0,0,0,0,1
528,0,0,1,0,0,1,0,0,0,1,0,0,0,0,0,0,0,0,0,0,1,0
529,0,0,0,0,1,1,0,0,0,1,1,0,0,0,0,0,0,0,0,0,0,0
530,1,1,0,1,0,1,0,0,0,1,0,1,0,0,0,0,0,0,0,0,0,0
531,1,1,0,1,0,0,1,0,0,1,0,0,1,0,0,0,0,0,0,0,0,1
532,0,0,0,0,1,1,0,1,0,0,1,0,0,0,0,0,0,0,0,0,0,0
533,1,1,0,0,1,1,0,1,0,0,1,0,0,0,0,0,0,0,0,0,0,0
534,0,1,0,0,1,0,1,1,0,0,0,0,1,0,0,0,0,0,0,0,0,1
535,0,0,0,0,1,0,1,0,0,1,1,0,0,0,0,0,0,0,0,0,0,0
536,0,1,0,1,0,0,1,0,0,1,0,0,1,0,0,0,0,0,0,0,0,1
537,0,0,1,0,0,1,0,0,0,1,0,0,1,0,0,0,0,0,0,0,0,0
538,0,0,1,0,0,0,1,1,0,0,0,0,0,0,0,0,0,0,0,0,1,1
539,0,0,0,0,1,1,0,0,0,1,0,1,0,0,0,0,0,0,0,0,0,0
540,0,1,1,0,0,0,1,1,0,0,0,0,0,0,1,0,0,0,0,0,0,1
541,0,1,1,0,0,0,1,0,0,1,0,0,0,0,0,0,0,1,0,0,0,1
542,1,1,0,0,1,0,1,0,0,1,0,0,0,1,0,0,0,0,0,0,0,0
543,1,1,0,0,1,0,1,0,0,1,0,0,0,1,0,0,0,0,0,0,0,0
544,1,0,0,1,0,1,0,0,0,1,0,0,1,0,0,0,0,0,0,0,0,1
545,1,0,1,0,0,1,0,1,0,0,0,0,0,0,0,0,0,0,0,0,1,0
546,0,0,1,0,0,1,0,0,0,1,0,0,1,0,0,0,0,0,0,0,0,0
547,1,0,0,1,0,0,1,0,0,1,0,0,1,0,0,0,0,0,0,0,0,1
548,0,0,0,1,0,1,0,1,0,0,0,1,0,0,0,0,0,0,0,0,0,1
549,1,1,0,0,1,1,0,0,0,1,0,0,1,0,0,0,0,0,0,0,0,0
550,1,1,0,1,0,1,0,0,0,1,0,0,0,1,0,0,0,0,0,0,0,1
551,0,1,1,0,0,1,0,1,0,0,0,0,0,0,0,0,0,0,0,0,1,1
552,0,0,0,1,0,1,0,0,0,1,0,0,1,0,0,0,0,0,0,0,0,0
553,0,0,0,0,1,1,0,0,1,0,1,0,0,0,0,0,0,0,0,0,0,0
554,0,0,0,0,1,1,0,1,0,0,1,0,0,0,0,0,0,0,0,0,0,1
555,0,0,0,0,1,0,1,0,0,1,1,0,0,0,0,0,0,0,0,0,0,1
556,0,0,1,0,0,1,0,0,0,1,0,0,1,0,0,0,0,0,0,0,0,0
557,1,0,1,0,0,0,1,1,0,0,0,0,0,1,0,0,0,0,0,0,0,1
558,0,0,1,0,0,1,0,1,0,0,0,0,0,0,0,0,0,0,0,0,1,0
559,1,1,1,0,0,0,1,0,0,1,0,0,0,0,0,0,0,1,0,0,0,1
560,1,0,0,0,1,0,1,0,0,1,0,1,0,0,0,0,0,0,0,0,0,1
561,0,0,0,0,1,1,0,0,1,0,1,0,0,0,0,0,0,0,0,0,0,0
562,0,0,0,0,1,1,0,0,0,1,1,0,0,0,0,0,0,0,0,0,0,0
563,0,0,0,1,0,1,0,0,0,1,0,1,0,0,0,0,0,0,0,0,0,0
564,0,0,0,0,1,1,0,0,0,1,1,0,0,0,0,0,0,0,0,0,0,0
565,0,0,0,0,1,0,1,0,0,1,1,0,0,0,0,0,0,0,0,0,0,0
566,1,0,0,0,1,1,0,0,0,1,0,0,1,0,0,0,0,0,0,0,0,0
567,0,0,0,0,1,1,0,0,0,1,1,0,0,0,0,0,0,0,0,0,0,0
568,0,1,0,0,1,0,1,0,0,1,0,0,1,0,0,0,0,0,0,0,0,0
569,0,0,0,0,1,1,0,1,0,0,1,0,0,0,0,0,0,0,0,0,0,0
570,0,0,0,0,1,1,0,0,0,1,1,0,0,0,0,0,0,0,0,0,0,1
571,0,0,0,1,0,1,0,0,0,1,0,1,0,0,0,0,0,0,0,0,0,1
572,1,0,1,0,0,0,1,0,0,1,0,0,0,0,0,1,0,0,0,0,0,1
573,0,0,1,0,0,1,0,0,0,1,0,0,1,0,0,0,0,0,0,0,0,1
574,0,0,0,0,1,0,1,0,1,0,1,0,0,0,0,0,0,0,0,0,0,1
575,0,0,0,0,1,1,0,0,0,1,1,0,0,0,0,0,0,0,0,0,0,0
576,0,0,0,0,1,1,0,0,0,1,0,1,0,0,0,0,0,0,0,0,0,0
577,0,0,0,1,0,0,1,0,0,1,0,1,0,0,0,0,0,0,0,0,0,1
578,1,0,1,0,0,0,1,0,0,1,0,0,0,0,0,1,0,0,0,0,0,1
579,1,0,0,0,1,0,1,1,0,0,0,1,0,0,0,0,0,0,0,0,0,0
580,0,0,0,0,1,1,0,0,0,1,1,0,0,0,0,0,0,0,0,0,0,1
581,1,1,0,1,0,0,1,0,0,1,0,0,0,0,0,0,0,0,0,0,0,1
582,1,1,1,0,0,0,1,1,0,0,0,0,0,0,0,0,0,0,0,0,1,1
583,0,0,0,1,0,1,0,0,0,1,0,0,1,0,0,0,0,0,0,0,0,0
584,0,0,1,0,0,1,0,1,0,0,0,0,0,0,1,0,0,0,0,0,0,0
585,0,0,0,0,1,1,0,1,0,0,1,0,0,0,0,0,0,0,0,0,0,0
586,0,1,1,0,0,0,1,0,0,1,0,0,0,0,0,0,0,1,0,0,0,1
587,0,0,0,1,0,1,0,0,0,1,0,1,0,0,0,0,0,0,0,0,0,0
588,1,1,1,0,0,1,0,1,0,0,0,0,0,0,0,0,0,1,0,0,0,1
589,0,0,0,0,1,1,0,0,0,1,1,0,0,0,0,0,0,0,0,0,0,0
590,0,0,0,0,1,1,0,0,0,1,1,0,0,0,0,0,0,0,0,0,0,0
591,0,0,0,0,1,1,0,0,0,1,1,0,0,0,0,0,0,0,0,0,0,0
592,1,0,1,0,0,0,1,1,0,0,0,0,0,0,0,0,0,1,0,0,0,1
593,0,0,0,0,1,1,0,0,0,1,1,0,0,0,0,0,0,0,0,0,0,0
594,0,1,0,0,1,0,1,0,1,0,1,0,0,0,0,0,0,0,0,0,0,0
595,1,0,0,1,0,1,0,0,0,1,0,0,1,0,0,0,0,0,0,0,0,0
596,1,1,0,0,1,1,0,0,0,1,0,0,1,0,0,0,0,0,0,0,0,0
597,0,0,0,1,0,0,1,0,0,1,0,0,0,1,0,0,0,0,0,0,0,1
598,0,0,0,0,1,1,0,0,0,1,1,0,0,0,0,0,0,0,0,0,0,0
599,0,0,0,0,1,1,0,1,0,0,1,0,0,0,0,0,0,0,0,0,0,0
600,1,0,1,0,0,1,0,1,0,0,0,0,0,0,0,1,0,0,0,0,0,1
601,1,1,0,1,0,0,1,0,0,1,0,0,1,0,0,0,0,0,0,0,0,1
602,0,0,0,0,1,1,0,0,0,1,1,0,0,0,0,0,0,0,0,0,0,0
603,0,0,1,0,0,1,0,0,0,1,0,0,0,0,1,0,0,0,0,0,0,0
604,0,0,0,0,1,1,0,0,0,1,1,0,0,0,0,0,0,0,0,0,0,0
605,0,0,1,0,0,1,0,1,0,0,0,0,1,0,0,0,0,0,0,0,0,1
606,1,0,0,0,1,1,0,0,0,1,0,1,0,0,0,0,0,0,0,0,0,0
607,0,0,0,0,1,1,0,0,0,1,1,0,0,0,0,0,0,0,0,0,0,0
608,0,0,1,0,0,1,0,0,0,1,0,0,0,1,0,0,0,0,0,0,0,1
609,1,1,0,1,0,0,1,1,0,0,0,0,0,0,1,0,0,0,0,0,0,1
610,0,0,1,0,0,0,1,0,0,1,0,0,0,0,0,0,0,0,0,0,1,1
611,1,1,0,0,1,0,1,0,0,1,0,0,0,1,0,0,0,0,0,0,0,0
612,0,0,0,0,1,1,0,0,0,1,1,0,0,0,0,0,0,0,0,0,0,0
613,1,0,0,0,1,0,1,0,1,0,0,1,0,0,0,0,0,0,0,0,0,1
614,0,0,0,0,1,1,0,0,1,0,1,0,0,0,0,0,0,0,0,0,0,0
615,0,0,0,0,1,1,0,0,0,1,1,0,0,0,0,0,0,0,0,0,0,0
616,1,1,0,1,0,0,1,0,0,1,0,0,0,0,0,0,1,0,0,0,0,1
617,1,1,0,0,1,1,0,0,0,1,0,1,0,0,0,0,0,0,0,0,0,0
618,1,0,0,0,1,0,1,0,0,1,0,1,0,0,0,0,0,0,0,0,0,0
619,1,1,0,1,0,0,1,0,0,1,0,0,0,1,0,0,0,0,0,0,0,1
620,0,0,0,1,0,1,0,0,0,1,0,1,0,0,0,0,0,0,0,0,0,0
621,1,0,0,0,1,1,0,1,0,0,0,1,0,0,0,0,0,0,0,0,0,0
622,1,0,1,0,0,1,0,0,0,1,0,0,0,0,0,1,0,0,0,0,0,1
623,1,1,0,0,1,1,0,1,0,0,0,1,0,0,0,0,0,0,0,0,0,1
624,0,0,0,0,1,1,0,0,0,1,1,0,0,0,0,0,0,0,0,0,0,0
625,0,0,0,0,1,1,0,0,0,1,0,1,0,0,0,0,0,0,0,0,0,0
626,0,0,1,0,0,1,0,0,0,1,0,0,0,1,0,0,0,0,0,0,0,0
627,0,0,0,1,0,1,0,0,1,0,0,1,0,0,0,0,0,0,0,0,0,0
628,0,0,1,0,0,0,1,0,0,1,0,0,0,0,0,0,0,1,0,0,0,1
629,0,0,0,0,1,1,0,0,0,1,1,0,0,0,0,0,0,0,0,0,0,0
630,0,0,0,0,1,1,0,0,1,0,1,0,0,0,0,0,0,0,0,0,0,0
631,0,0,1,0,0,1,0,0,0,1,0,0,0,0,0,0,0,0,0,0,0,1
632,0,0,0,0,1,1,0,0,0,1,1,0,0,0,0,0,0,0,0,0,0,0
633,0,0,1,0,0,1,0,1,0,0,0,0,0,1,0,0,0,0,0,0,0,1
634,0,0,1,0,0,1,0,0,0,1,1,0,0,0,0,0,0,0,0,0,0,0
635,1,1,0,0,1,0,1,0,0,1,0,0,1,0,0,0,0,0,0,0,0,0
636,0,0,0,1,0,0,1,0,0,1,0,1,0,0,0,0,0,0,0,0,0,1
637,0,0,0,0,1,1,0,0,0,1,1,0,0,0,0,0,0,0,0,0,0,0
638,1,1,0,1,0,1,0,0,0,1,0,0,1,0,0,0,0,0,0,0,0,0
639,0,1,0,0,1,0,1,0,0,1,0,0,0,1,0,0,0,0,0,0,0,0
640,1,0,0,0,1,1,0,0,0,1,0,1,0,0,0,0,0,0,0,0,0,0
641,0,0,0,0,1,1,0,0,0,1,1,0,0,0,0,0,0,0,0,0,0,0
642,0,0,1,0,0,0,1,1,0,0,0,0,0,0,0,0,1,0,0,0,0,1
643,1,1,0,0,1,0,1,0,0,1,0,0,1,0,0,0,0,0,0,0,0,0
644,0,0,0,0,1,1,0,0,0,1,0,0,0,0,0,1,0,0,0,0,0,1
645,1,1,0,0,1,0,1,1,0,0,0,1,0,0,0,0,0,0,0,0,0,1
646,1,0,1,0,0,1,0,1,0,0,0,0,0,0,0,0,0,1,0,0,0,1
647,0,0,0,0,1,1,0,0,0,1,1,0,0,0,0,0,0,0,0,0,0,0
648,0,0,1,0,0,1,0,1,0,0,0,0,0,1,0,0,0,0,0,0,0,1
649,0,0,0,0,1,1,0,0,0,1,1,0,0,0,0,0,0,0,0,0,0,0
650,0,0,0,0,1,0,1,0,0,1,1,0,0,0,0,0,0,0,0,0,0,1
651,0,0,0,0,1,1,0,0,0,1,1,0,0,0,0,0,0,0,0,0,0,0
652,0,1,0,1,0,0,1,0,0,1,0,0,1,0,0,0,0,0,0,0,0,1
653,0,0,0,0,1,1,0,0,0,1,1,0,0,0,0,0,0,0,0,0,0,0
654,0,0,0,0,1,0,1,0,1,0,1,0,0,0,0,0,0,0,0,0,0,1
655,0,0,0,0,1,0,1,0,1,0,1,0,0,0,0,0,0,0,0,0,0,0
656,1,0,0,1,0,1,0,0,0,1,0,0,0,0,0,0,0,1,0,0,0,0
657,0,0,0,0,1,1,0,0,0,1,1,0,0,0,0,0,0,0,0,0,0,0
658,1,1,0,0,1,0,1,0,1,0,0,1,0,0,0,0,0,0,0,0,0,0
659,0,0,0,1,0,1,0,0,0,1,0,1,0,0,0,0,0,0,0,0,0,0
660,0,1,1,0,0,1,0,1,0,0,0,0,0,0,0,0,0,0,0,0,1,0
661,1,0,1,0,0,1,0,0,0,1,0,0,0,0,0,0,0,0,0,0,1,1
662,0,0,0,0,1,1,0,1,0,0,1,0,0,0,0,0,0,0,0,0,0,0
663,0,0,1,0,0,1,0,0,0,1,0,0,1,0,0,0,0,0,0,0,0,0
664,0,0,0,0,1,1,0,0,0,1,1,0,0,0,0,0,0,0,0,0,0,0
665,1,0,0,0,1,1,0,0,0,1,1,0,0,0,0,0,0,0,0,0,0,1
666,1,0,0,1,0,1,0,0,0,1,0,0,0,0,0,0,0,1,0,0,0,0
667,0,0,0,1,0,1,0,0,0,1,0,1,0,0,0,0,0,0,0,0,0,0
668,0,0,0,0,1,1,0,0,0,1,1,0,0,0,0,0,0,0,0,0,0,0
669,0,0,0,0,1,1,0,0,0,1,1,0,0,0,0,0,0,0,0,0,0,0
670,1,0,1,0,0,0,1,0,0,1,0,0,0,0,0,1,0,0,0,0,0,1
671,1,1,0,1,0,0,1,0,0,1,0,0,0,1,0,0,0,0,0,0,0,1
672,1,0,1,0,0,1,0,0,0,1,0,0,0,0,0,1,0,0,0,0,0,0
673,0,0,0,1,0,1,0,0,0,1,0,1,0,0,0,0,0,0,0,0,0,0
674,0,0,0,1,0,1,0,0,0,1,0,1,0,0,0,0,0,0,0,0,0,1
675,0,0,0,1,0,1,0,0,0,1,1,0,0,0,0,0,0,0,0,0,0,0
676,0,0,0,0,1,1,0,0,0,1,1,0,0,0,0,0,0,0,0,0,0,0
677,0,0,0,0,1,1,0,0,0,1,1,0,0,0,0,0,0,0,0,0,0,0
678,0,0,0,0,1,0,1,0,0,1,1,0,0,0,0,0,0,0,0,0,0,1
679,1,1,0,0,1,0,1,0,0,1,0,0,0,0,1,0,0,0,0,0,0,0
680,0,1,1,0,0,1,0,1,0,0,0,0,0,0,0,0,0,0,0,0,1,1
681,0,0,0,0,1,0,1,0,1,0,1,0,0,0,0,0,0,0,0,0,0,0
682,0,0,1,0,0,1,0,1,0,0,0,0,0,0,0,0,0,1,0,0,0,1
683,0,0,0,0,1,1,0,0,0,1,1,0,0,0,0,0,0,0,0,0,0,0
684,1,1,0,0,1,1,0,0,0,1,0,0,0,0,1,0,0,0,0,0,0,0
685,1,1,0,1,0,1,0,0,0,1,0,0,0,1,0,0,0,0,0,0,0,0
686,1,1,0,1,0,1,0,1,0,0,0,0,0,0,1,0,0,0,0,0,0,0
687,1,1,0,0,1,1,0,0,0,1,0,0,0,1,0,0,0,0,0,0,0,0
688,0,0,0,0,1,1,0,0,0,1,0,1,0,0,0,0,0,0,0,0,0,0
689,0,0,0,0,1,1,0,0,0,1,1,0,0,0,0,0,0,0,0,0,0,0
690,0,1,1,0,0,0,1,0,0,1,0,0,0,0,0,0,0,0,0,0,1,1
691,1,0,1,0,0,1,0,0,0,1,0,0,0,0,0,1,0,0,0,0,0,1
692,0,1,0,0,1,0,1,1,0,0,0,1,0,0,0,0,0,0,0,0,0,1
693,0,0,0,0,1,1,0,0,0,1,0,0,0,0,0,1,0,0,0,0,0,1
694,0,0,0,0,1,1,0,1,0,0,1,0,0,0,0,0,0,0,0,0,0,0
695,0,0,1,0,0,1,0,0,0,1,0,0,1,0,0,0,0,0,0,0,0,0
696,0,0,0,1,0,1,0,0,0,1,0,1,0,0,0,0,0,0,0,0,0,0
697,0,0,0,0,1,1,0,0,0,1,1,0,0,0,0,0,0,0,0,0,0,0
698,0,0,0,0,1,0,1,0,1,0,1,0,0,0,0,0,0,0,0,0,0,1
699,1,1,1,0,0,1,0,1,0,0,0,0,0,0,0,0,0,0,0,0,1,0
700,0,0,0,0,1,1,0,0,0,1,1,0,0,0,0,0,0,0,0,0,0,0
701,1,0,1,0,0,0,1,1,0,0,0,0,0,0,0,0,0,0,0,0,1,1
702,0,0,1,0,0,1,0,0,0,1,0,0,1,0,0,0,0,0,0,0,0,1
703,0,1,0,0,1,0,1,1,0,0,0,1,0,0,0,0,0,0,0,0,0,0
704,0,0,0,0,1,1,0,0,1,0,1,0,0,0,0,0,0,0,0,0,0,0
705,1,0,0,0,1,1,0,0,0,1,1,0,0,0,0,0,0,0,0,0,0,0
706,0,0,0,1,0,1,0,0,0,1,0,0,1,0,0,0,0,0,0,0,0,0
707,0,0,0,1,0,0,1,0,0,1,0,1,0,0,0,0,0,0,0,0,0,1
708,0,0,1,0,0,1,0,0,0,1,0,0,1,0,0,0,0,0,0,0,0,1
709,0,0,1,0,0,0,1,0,0,1,0,0,0,0,0,0,0,0,0,0,1,1
710,1,1,0,0,1,1,0,1,0,0,0,1,0,0,0,0,0,0,0,0,0,1
711,0,0,1,0,0,0,1,1,0,0,0,0,0,0,1,0,0,0,0,0,0,1
712,0,0,1,0,0,1,0,0,0,1,0,0,1,0,0,0,0,0,0,0,0,0
713,1,0,1,0,0,1,0,0,0,1,0,0,0,0,0,1,0,0,0,0,0,1
714,0,0,0,0,1,1,0,0,0,1,1,0,0,0,0,0,0,0,0,0,0,0
715,0,0,0,1,0,1,0,0,0,1,0,1,0,0,0,0,0,0,0,0,0,0
716,0,0,0,0,1,1,0,0,0,1,1,0,0,0,0,0,0,0,0,0,0,0
717,0,0,1,0,0,0,1,1,0,0,0,0,0,0,0,0,0,0,0,0,1,1
718,0,0,0,1,0,0,1,0,0,1,0,1,0,0,0,0,0,0,0,0,0,1
719,0,0,0,0,1,1,0,0,1,0,0,1,0,0,0,0,0,0,0,0,0,0
720,0,0,0,0,1,1,0,0,0,1,1,0,0,0,0,0,0,0,0,0,0,0
721,0,1,0,1,0,0,1,0,0,1,0,0,0,1,0,0,0,0,0,0,0,1
722,1,0,0,0,1,1,0,0,0,1,1,0,0,0,0,0,0,0,0,0,0,0
723,0,0,0,1,0,1,0,0,0,1,0,1,0,0,0,0,0,0,0,0,0,0
724,0,0,0,1,0,1,0,0,0,1,0,1,0,0,0,0,0,0,0,0,0,0
725,1,0,1,0,0,1,0,0,0,1,0,0,0,0,0,1,0,0,0,0,0,1
726,0,0,0,0,1,1,0,0,0,1,1,0,0,0,0,0,0,0,0,0,0,0
727,1,0,0,1,0,0,1,0,0,1,0,0,1,0,0,0,0,0,0,0,0,1
728,0,0,0,0,1,0,1,0,1,0,1,0,0,0,0,0,0,0,0,0,0,1
729,1,0,0,1,0,1,0,0,0,1,0,0,1,0,0,0,0,0,0,0,0,0
730,1,0,0,0,1,0,1,0,0,1,1,0,0,0,0,0,0,0,0,0,0,0
731,0,0,1,0,0,0,1,0,0,1,0,0,0,0,0,0,0,0,0,0,1,1
732,0,0,0,0,1,1,0,1,0,0,0,1,0,0,0,0,0,0,0,0,0,0
733,0,0,0,1,0,1,0,0,0,1,1,0,0,0,0,0,0,0,0,0,0,0
734,0,0,0,1,0,1,0,0,0,1,0,1,0,0,0,0,0,0,0,0,0,0
735,0,0,0,1,0,1,0,0,0,1,0,1,0,0,0,0,0,0,0,0,0,0
736,0,0,0,0,1,1,0,0,0,1,0,1,0,0,0,0,0,0,0,0,0,0
737,1,1,0,0,1,0,1,0,0,1,0,0,0,1,0,0,0,0,0,0,0,0
738,0,0,1,0,0,1,0,1,0,0,0,0,0,0,0,0,0,0,0,0,1,1
739,0,0,0,0,1,1,0,0,0,1,1,0,0,0,0,0,0,0,0,0,0,0
740,0,0,0,0,1,1,0,0,0,1,1,0,0,0,0,0,0,0,0,0,0,0
741,0,0,1,0,0,1,0,0,0,1,0,0,0,0,0,0,0,0,0,0,0,1
742,1,0,1,0,0,1,0,0,0,1,0,0,0,0,0,0,0,1,0,0,0,0
743,1,1,1,0,0,0,1,1,0,0,0,0,0,0,0,0,0,0,0,0,1,1
744,1,0,0,0,1,1,0,0,0,1,0,1,0,0,0,0,0,0,0,0,0,0
745,0,0,0,0,1,1,0,0,0,1,1,0,0,0,0,0,0,0,0,0,0,1
746,1,1,1,0,0,1,0,0,0,1,0,0,0,0,0,0,0,1,0,0,0,0
747,1,1,0,0,1,1,0,0,0,1,0,0,1,0,0,0,0,0,0,0,0,0
748,0,0,0,1,0,0,1,0,0,1,0,1,0,0,0,0,0,0,0,0,0,1
749,1,0,1,0,0,1,0,0,0,1,0,0,0,0,0,1,0,0,0,0,0,0
750,0,0,0,0,1,1,0,0,1,0,1,0,0,0,0,0,0,0,0,0,0,0
751,1,1,0,1,0,0,1,0,0,1,0,0,1,0,0,0,0,0,0,0,0,1
752,0,1,0,0,1,1,0,0,0,1,0,1,0,0,0,0,0,0,0,0,0,1
753,0,0,0,0,1,1,0,0,0,1,1,0,0,0,0,0,0,0,0,0,0,0
754,0,0,0,0,1,1,0,0,0,1,1,0,0,0,0,0,0,0,0,0,0,0
755,1,1,0,1,0,0,1,0,0,1,0,0,0,0,0,0,1,0,0,0,0,1
756,1,1,0,1,0,1,0,0,0,1,0,1,0,0,0,0,0,0,0,0,0,1
757,0,0,0,0,1,1,0,0,0,1,1,0,0,0,0,0,0,0,0,0,0,0
758,0,0,0,1,0,1,0,0,0,1,0,1,0,0,0,0,0,0,0,0,0,0
759,0,0,0,0,1,1,0,0,0,1,1,0,0,0,0,0,0,0,0,0,0,0
760,0,0,1,0,0,0,1,0,0,1,0,0,0,0,0,0,0,0,1,0,0,1
761,0,0,0,0,1,1,0,0,0,1,0,1,0,0,0,0,0,0,0,0,0,0
762,0,0,0,0,1,1,0,0,0,1,1,0,0,0,0,0,0,0,0,0,0,0
763,0,0,0,0,1,1,0,1,0,0,1,0,0,0,0,0,0,0,0,0,0,1
764,1,1,1,0,0,0,1,0,0,1,0,0,0,0,0,0,0,0,0,0,1,1
765,0,0,0,0,1,1,0,0,0,1,1,0,0,0,0,0,0,0,0,0,0,0
766,1,0,1,0,0,0,1,0,0,1,0,0,0,0,0,0,0,1,0,0,0,1
767,0,0,1,0,0,1,0,1,0,0,0,0,0,1,0,0,0,0,0,0,0,0
768,0,0,0,0,1,0,1,0,1,0,1,0,0,0,0,0,0,0,0,0,0,0
769,1,0,0,0,1,1,0,0,1,0,0,0,1,0,0,0,0,0,0,0,0,0
770,0,0,0,0,1,1,0,0,0,1,1,0,0,0,0,0,0,0,0,0,0,0
771,0,0,0,0,1,1,0,0,0,1,1,0,0,0,0,0,0,0,0,0,0,0
772,0,0,0,0,1,1,0,0,0,1,1,0,0,0,0,0,0,0,0,0,0,0
773,0,0,0,1,0,0,1,0,0,1,0,1,0,0,0,0,0,0,0,0,0,0
774,0,0,0,0,1,1,0,1,0,0,1,0,0,0,0,0,0,0,0,0,0,0
775,1,1,0,1,0,0,1,0,0,1,0,0,1,0,0,0,0,0,0,0,0,1
776,0,0,0,0,1,1,0,0,0,1,1,0,0,0,0,0,0,0,0,0,0,0
777,0,0,0,0,1,1,0,0,1,0,1,0,0,0,0,0,0,0,0,0,0,0
778,0,0,0,0,1,0,1,0,0,1,0,1,0,0,0,0,0,0,0,0,0,1
779,0,0,0,0,1,1,0,0,1,0,1,0,0,0,0,0,0,0,0,0,0,0
780,0,1,1,0,0,0,1,0,0,1,0,0,0,0,0,0,0,0,0,0,1,1
781,0,0,0,0,1,0,1,1,0,0,1,0,0,0,0,0,0,0,0,0,0,1
782,1,0,1,0,0,0,1,0,0,1,0,0,0,0,0,1,0,0,0,0,0,1
783,0,0,1,0,0,1,0,0,0,1,0,0,0,0,0,0,0,0,0,0,0,0
784,1,1,0,0,1,1,0,0,0,1,0,0,1,0,0,0,0,0,0,0,0,0
785,0,0,0,0,1,1,0,0,0,1,1,0,0,0,0,0,0,0,0,0,0,0
786,0,0,0,0,1,1,0,0,0,1,1,0,0,0,0,0,0,0,0,0,0,0
787,0,0,0,0,1,0,1,0,0,1,1,0,0,0,0,0,0,0,0,0,0,1
788,1,1,0,0,1,1,0,0,1,0,0,0,1,0,0,0,0,0,0,0,0,0
789,1,1,0,0,1,1,0,0,0,1,0,0,1,0,0,0,0,0,0,0,0,1
790,0,0,1,0,0,1,0,1,0,0,0,0,0,0,0,0,0,1,0,0,0,0
791,0,0,0,0,1,1,0,0,1,0,1,0,0,0,0,0,0,0,0,0,0,0
